processed_at,processing_time_seconds,file_name,file_type,employee_name,employee_address,employee_ssn,employer_name,employer_address,employer_ein,name_confidence,address_confidence,id_confidence,overall_confidence,status,review_reason
2026-05-26T11:06:09.691244,10.76,W2_XL_input_clean_1003.pdf,clean,Mitchell Allen,6503 John Stream,691-53-3104,Mcdonald-Harris Inc,560 Munoz Mills Suite 766 South Jamesstad MN 44881-3192,25-0924379,0.95,0.0,0.95,0.6333333333333333,NEEDS_REVIEW,Missing or incomplete customer field(s): employee_address
2026-05-26T11:06:58.404223,16.95,W2_XL_input_clean_1006.pdf,clean,Mary Dickerson,95842 Freeman Coves Apt. 63545-3314,036-91-4705,Morgan Ltd and Sons,,22-3437795,0.95,0.0,0.95,0.6333333333333333,NEEDS_REVIEW,Missing or incomplete customer field(s): employee_address
2026-05-26T11:07:34.402830,36.0,W2_XL_input_clean_1007.pdf,clean,,,760-19-8138,Brown LLC Group,,21-7657558,0.0,0.0,0.95,0.31666666666666665,NEEDS_REVIEW,"Missing or incomplete customer field(s): employee_name, employee_address"
2026-05-26T11:09:07.124803,8.39,W2_XL_input_clean_1013.pdf,clean,,,725-40-6045,Mendoza-Matthews Group,,75-1618704,0.0,0.0,0.95,0.31666666666666665,NEEDS_REVIEW,"Missing or incomplete customer field(s): employee_name, employee_address"
2026-05-26T11:09:23.223145,16.1,W2_XL_input_clean_1014.pdf,clean,,,107-41-1388,Bailey-Gross and Sons,2965 James Manors Suite 021 Christopherburgh OK 23062-2861,25-4904377,0.0,0.0,0.95,0.31666666666666665,NEEDS_REVIEW,"Missing or incomplete customer field(s): employee_name, employee_address"
2026-05-26T11:10:28.141622,18.43,W2_XL_input_clean_1018.pdf,clean,,,536-93-9326,"Rangel, Wiggins and Ortega Ltd",3460 Stevenson Islands Sarahbury WY 01038-0096,82-4064182,0.0,0.0,0.95,0.31666666666666665,NEEDS_REVIEW,"Missing or incomplete customer field(s): employee_name, employee_address"
2026-05-26T11:10:52.166590,11.77,W2_XL_input_clean_1020.pdf,clean,Craig Conway,1982 Fitzgerald Motorway Suite 998 Lake Michellefort KS,685-27-9841,"Edwards, Gonzalez and Good Inc",,22-9885201,0.95,0.0,0.95,0.6333333333333333,NEEDS_REVIEW,Missing or incomplete customer field(s): employee_address
2026-05-26T11:11:08.720515,16.55,W2_XL_input_clean_1021.pdf,clean,Brandon Powell,165 Brown Street Apt. 864 South Robertmouth TN,566-27-1172,"Blackburn, Santos and Harper Ltd",750 Robert Mill Rebeccaland GA 22374-4695,02-6867459,0.95,0.0,0.95,0.6333333333333333,NEEDS_REVIEW,Missing or incomplete customer field(s): employee_address
2026-05-26T11:13:11.983451,10.83,W2_XL_input_clean_1025.pdf,clean,,,419-46-9476,"Martinez, Frederick and Anderson Ltd",,39-5248121,0.0,0.0,0.95,0.31666666666666665,NEEDS_REVIEW,"Missing or incomplete customer field(s): employee_name, employee_address"
2026-05-26T11:14:07.059738,24.69,W2_XL_input_clean_1028.pdf,clean,,,521-99-2805,George PLC Group,75737 Steven Road Wilsonberg AK 60557-2508,04-6527118,0.0,0.0,0.95,0.31666666666666665,NEEDS_REVIEW,"Missing or incomplete customer field(s): employee_name, employee_address"
2026-05-26T11:14:16.718128,9.66,W2_XL_input_clean_1029.pdf,clean,,,061-74-3844,"Harris, Wu and Phillips Ltd",68729 Sloan Junction Suite 353 Perezfurt AR 94828-5236,99-9301354,0.0,0.0,0.95,0.31666666666666665,NEEDS_REVIEW,"Missing or incomplete customer field(s): employee_name, employee_address"
2026-05-26T11:14:48.912911,13.45,W2_XL_input_clean_1031.pdf,clean,Bonnie Hernandez,96453 Molly Hollow Apt. 124 East Kathrynmouth AL,099-57-5786,Delgado LLC and Sons,,41-3923641,0.95,0.0,0.95,0.6333333333333333,NEEDS_REVIEW,Missing or incomplete customer field(s): employee_address
2026-05-26T11:16:03.215783,16.04,W2_XL_input_clean_1035.pdf,clean,,,081-76-7172,Jones Inc PLC,,91-5606780,0.0,0.0,0.95,0.31666666666666665,NEEDS_REVIEW,"Missing or incomplete customer field(s): employee_name, employee_address"
2026-05-26T11:17:54.074870,10.94,W2_XL_input_clean_1043.pdf,clean,,,665-50-6675,Wright-Houston LLC,,21-0396592,0.0,0.0,0.95,0.31666666666666665,NEEDS_REVIEW,"Missing or incomplete customer field(s): employee_name, employee_address"
2026-05-26T11:18:22.954739,15.66,W2_XL_input_clean_1045.pdf,clean,,,040-57-9133,Hall LLC LLC,,31-9957695,0.0,0.0,0.95,0.31666666666666665,NEEDS_REVIEW,"Missing or incomplete customer field(s): employee_name, employee_address"
2026-05-26T11:18:32.625898,9.67,W2_XL_input_clean_1046.pdf,clean,,,457-50-9546,"Miller, Garcia and Burgess Inc",,92-5981669,0.0,0.0,0.95,0.31666666666666665,NEEDS_REVIEW,"Missing or incomplete customer field(s): employee_name, employee_address"
2026-05-26T11:18:52.723177,20.09,W2_XL_input_clean_1047.pdf,clean,,,661-07-8943,Dominguez PLC Inc,,76-6996539,0.0,0.0,0.95,0.31666666666666665,NEEDS_REVIEW,"Missing or incomplete customer field(s): employee_name, employee_address"
2026-05-26T11:19:14.971878,22.25,W2_XL_input_clean_1048.pdf,clean,Ashley Robinson,610 David Course Suite 060 East Yvonneside MO,136-23-7292,Young-Anderson Ltd,,36-3405192,0.95,0.0,0.95,0.6333333333333333,NEEDS_REVIEW,Missing or incomplete customer field(s): employee_address
2026-05-26T11:33:33.565488,46.64,W2_XL_input_clean_1050.pdf,clean,,,193-60-1856,Davis Inc Group,,41-8513717,0.0,0.0,0.95,0.31666666666666665,NEEDS_REVIEW,"Missing or incomplete customer field(s): employee_name, employee_address"
2026-05-26T11:34:19.487911,45.92,W2_XL_input_clean_1051.pdf,clean,,,144-87-5432,Ferguson and Sons Ltd,721 Clay Wells Apt. 824 Chasebury SD 72036-5245,39-1373695,0.0,0.0,0.95,0.31666666666666665,NEEDS_REVIEW,"Missing or incomplete customer field(s): employee_name, employee_address"
2026-05-26T11:34:48.560891,14.32,W2_XL_input_clean_1053.pdf,clean,,,399-08-6361,Higgins-Hernandez Inc,,55-4661307,0.0,0.0,0.95,0.31666666666666665,NEEDS_REVIEW,"Missing or incomplete customer field(s): employee_name, employee_address"
2026-05-26T11:35:30.879798,22.58,W2_XL_input_clean_1055.pdf,clean,,,726-62-9792,Perez Inc Ltd,,47-2426766,0.0,0.0,0.95,0.31666666666666665,NEEDS_REVIEW,"Missing or incomplete customer field(s): employee_name, employee_address"
2026-05-26T11:35:47.146113,16.26,W2_XL_input_clean_1056.pdf,clean,Mathews-Graham Inc,3094 Melissa Lakes Suite 100 Montgomeryshire CA 51116-2642,707-83-8869,Mathews-Graham Inc,3094 Melissa Lakes Suite 100 Montgomeryshire CA 51116-2642,11-0663644,0.0,0.95,0.95,0.6333333333333333,NEEDS_REVIEW,Missing or incomplete customer field(s): employee_name
2026-05-26T11:37:33.447822,11.11,W2_XL_input_clean_1060.pdf,clean,,,121-20-5864,Valenzuela Group and Sons,,02-2278823,0.0,0.0,0.95,0.31666666666666665,NEEDS_REVIEW,"Missing or incomplete customer field(s): employee_name, employee_address"
2026-05-26T11:37:46.736570,13.29,W2_XL_input_clean_1061.pdf,clean,,,306-79-6011,Gonzalez Ltd Group,522 Walker Drives Suite 666 East John VT 46003-7653,67-8930520,0.0,0.0,0.95,0.31666666666666665,NEEDS_REVIEW,"Missing or incomplete customer field(s): employee_name, employee_address"
2026-05-26T11:38:31.623489,11.77,W2_XL_input_clean_1063.pdf,clean,,,580-10-3447,Cook PLC Inc,181 Jose Summit Suite 685 Walshstad MT 88278-8106,25-7286456,0.0,0.0,0.95,0.31666666666666665,NEEDS_REVIEW,"Missing or incomplete customer field(s): employee_name, employee_address"
2026-05-26T11:38:53.637084,22.01,W2_XL_input_clean_1064.pdf,clean,Douglas Monroe,06431 Collins Highway Apt. 765 26727-2403,558-75-2295,"Martinez, Evans and Perry Inc",078 Cindy Rapids Suite 104 Gloriaborough PA 35112-8452,21-7664745,0.95,0.0,0.95,0.6333333333333333,NEEDS_REVIEW,Missing or incomplete customer field(s): employee_address
2026-05-26T11:39:54.378773,39.9,W2_XL_input_clean_1067.pdf,clean,,,152-47-5066,Garcia Inc Inc,683 Bridges Springs Suite 352 South Meganside DE 72249-7422,41-5917072,0.0,0.0,0.95,0.31666666666666665,NEEDS_REVIEW,"Missing or incomplete customer field(s): employee_name, employee_address"
2026-05-26T11:40:57.395572,41.31,W2_XL_input_clean_1070.pdf,clean,,,591-92-9990,Mccoy-Stewart and Sons,,16-1148490,0.0,0.0,0.95,0.31666666666666665,NEEDS_REVIEW,"Missing or incomplete customer field(s): employee_name, employee_address"
2026-05-26T11:41:06.130581,8.73,W2_XL_input_clean_1071.pdf,clean,,,306-62-6738,Espinoza LLC Ltd,447 Craig Parkways Suite 000 Martinstad AL 83833-5918,37-7025691,0.0,0.0,0.95,0.31666666666666665,NEEDS_REVIEW,"Missing or incomplete customer field(s): employee_name, employee_address"
2026-05-26T11:41:30.676173,24.54,W2_XL_input_clean_1072.pdf,clean,,,831-09-4122,"Barton, Graves and Kelley and Sons",,04-4222837,0.0,0.0,0.95,0.31666666666666665,NEEDS_REVIEW,"Missing or incomplete customer field(s): employee_name, employee_address"
2026-05-26T11:43:21.106542,10.77,W2_XL_input_clean_1077.pdf,clean,,,773-45-3145,Herring LLC Group,,22-3892368,0.0,0.0,0.95,0.31666666666666665,NEEDS_REVIEW,"Missing or incomplete customer field(s): employee_name, employee_address"
2026-05-26T11:43:40.997730,9.21,W2_XL_input_clean_1079.pdf,clean,Eric Reynolds,6462 Coffey Ridge Suite 124 East Alexandertown NV,077-31-6593,"Mclean, Baldwin and Bowen Group",994 Lopez Loop East Katherine NC 69537-6929,45-4089146,0.95,0.0,0.95,0.6333333333333333,NEEDS_REVIEW,Missing or incomplete customer field(s): employee_address
2026-05-26T11:44:04.203194,23.2,W2_XL_input_clean_1080.pdf,clean,,,481-42-1941,Gibbs LLC Group,,82-1139664,0.0,0.0,0.95,0.31666666666666665,NEEDS_REVIEW,"Missing or incomplete customer field(s): employee_name, employee_address"
2026-05-26T11:45:08.582807,22.69,W2_XL_input_clean_1083.pdf,clean,,,453-30-0766,"Washington, Sandoval and Cline Inc",,87-8882851,0.0,0.0,0.95,0.31666666666666665,NEEDS_REVIEW,"Missing or incomplete customer field(s): employee_name, employee_address"
2026-05-26T11:45:21.270826,12.68,W2_XL_input_clean_1084.pdf,clean,Fuller-Mitchell Ltd,83309 Ashley Extension Lake Dianeland IN 40399-9385,415-93-3863,Fuller-Mitchell Ltd,83309 Ashley Extension Lake Dianeland IN 40399-9385,38-5202787,0.0,0.95,0.95,0.6333333333333333,NEEDS_REVIEW,Missing or incomplete customer field(s): employee_name
2026-05-26T11:47:32.039843,22.67,W2_XL_input_clean_1086.pdf,clean,Edgar Everett,1860 Carroll Islands Suite 643 East Alejandrofurt TX,056-47-8652,"Santana, Walters and Parker Inc",4388 Marsh Highway South Williammouth LA 33292-2624,11-9234175,0.95,0.0,0.95,0.6333333333333333,NEEDS_REVIEW,Missing or incomplete customer field(s): employee_address
2026-05-26T11:48:44.082616,59.28,W2_XL_input_clean_1088.pdf,clean,Group Smith-Goodwin,2004 Lisa Walks Apt. 893 Karenberg NM 25129-5725,067-47-3958,Smith-Goodwin Group,2004 Lisa Walks Apt. 893 Karenberg NM 25129-5725,61-6918648,0.0,0.95,0.95,0.6333333333333333,NEEDS_REVIEW,Missing or incomplete customer field(s): employee_name
2026-05-26T11:49:09.384083,11.58,W2_XL_input_clean_1090.pdf,clean,Elizabeth Russo,71278 Miller Roads Apt. 323 South Rogershire VT,084-32-1438,"Rivera, Mitchell and Harrison Ltd",85277 John Fort Apt. 439 North Timothy KS 16974-2856,90-1760012,0.95,0.0,0.95,0.6333333333333333,NEEDS_REVIEW,Missing or incomplete customer field(s): employee_address
2026-05-26T11:49:23.054907,13.67,W2_XL_input_clean_1091.pdf,clean,Burns-Smith Ltd,05568 Pearson Centers Apt. 999 East John NY 04060-3893,685-04-2829,Burns-Smith Ltd,05568 Pearson Centers Apt. 999 East John NY 04060-3893,63-1277250,0.0,0.95,0.95,0.6333333333333333,NEEDS_REVIEW,Missing or incomplete customer field(s): employee_name
2026-05-26T11:50:19.452664,8.66,W2_XL_input_clean_1093.pdf,clean,,,522-19-6385,Mccarthy-Crane Ltd,,24-1315390,0.0,0.0,0.95,0.31666666666666665,NEEDS_REVIEW,"Missing or incomplete customer field(s): employee_name, employee_address"
2026-05-26T11:50:32.178829,12.72,W2_XL_input_clean_1094.pdf,clean,,,870-57-1379,Underwood and Sons LLC,9631 Bird Tunnel Suite 767 Williamport WV 59548-4993,99-3029582,0.0,0.0,0.95,0.31666666666666665,NEEDS_REVIEW,"Missing or incomplete customer field(s): employee_name, employee_address"
2026-05-26T11:50:41.458231,9.28,W2_XL_input_clean_1095.pdf,clean,Mayo-Richmond Group,666 Leslie Pines Suite 460 Port Nicholasport WV 66676-2191,387-78-4467,Mayo-Richmond Group,666 Leslie Pines Suite 460 Port Nicholasport WV 66676-2191,84-7799514,0.0,0.95,0.95,0.6333333333333333,NEEDS_REVIEW,Missing or incomplete customer field(s): employee_name
2026-05-26T11:51:45.713571,14.86,W2_XL_input_clean_1098.pdf,clean,John Williams,641 Webster Trail Port Jeremychester ME,219-99-2683,"Beasley, Castro and Mcmahon LLC",,11-0718699,0.95,0.0,0.95,0.6333333333333333,NEEDS_REVIEW,Missing or incomplete customer field(s): employee_address
2026-05-26T11:51:59.107553,13.39,W2_XL_input_clean_1099.pdf,clean,,,224-99-6422,Nicholson-Scott LLC,164 Jennifer Neck Suite 217 Rogerstown ME 91423-0559,45-5140000,0.0,0.0,0.95,0.31666666666666665,NEEDS_REVIEW,"Missing or incomplete customer field(s): employee_name, employee_address"
2026-05-26T11:55:38.227957,13.67,W2_XL_input_clean_1100.pdf,clean,,,890-31-1369,Smith-Rosales PLC,011 Martha Mills Lake Stevenview CA 80041-2918,85-3386000,0.0,0.0,0.95,0.31666666666666665,NEEDS_REVIEW,"Missing or incomplete customer field(s): employee_name, employee_address"
2026-05-26T11:55:46.888703,8.65,W2_XL_input_clean_1101.pdf,clean,,,374-59-0391,Fernandez-Mason PLC,562 Summers Mills Suite 675 South Cynthiamouth NH 29645-0625,82-1284098,0.0,0.0,0.95,0.31666666666666665,NEEDS_REVIEW,"Missing or incomplete customer field(s): employee_name, employee_address"
2026-05-26T11:55:57.012348,10.12,W2_XL_input_clean_1102.pdf,clean,,,549-65-6023,Jones Ltd Ltd,,75-7824378,0.0,0.0,0.95,0.31666666666666665,NEEDS_REVIEW,"Missing or incomplete customer field(s): employee_name, employee_address"
2026-05-26T11:56:08.560368,11.54,W2_XL_input_clean_1103.pdf,clean,,,592-77-5624,Tucker Ltd Ltd,651 Shane Extension Lake David IN 19724-5161,51-6198601,0.0,0.0,0.95,0.31666666666666665,NEEDS_REVIEW,"Missing or incomplete customer field(s): employee_name, employee_address"
2026-05-26T11:57:17.136668,14.05,W2_XL_input_clean_1106.pdf,clean,Sergio Wright,445 Novak Stream Port Kevinville NJ,123-57-6973,Juarez Inc PLC,7137 Jared Wall Apt. 100 South Georgeshire RI 28350-7604,21-9572225,0.95,0.0,0.95,0.6333333333333333,NEEDS_REVIEW,Missing or incomplete customer field(s): employee_address
2026-05-26T11:58:22.335113,22.67,W2_XL_input_clean_1109.pdf,clean,,,150-55-2485,Wolf and Sons and Sons,,44-3025750,0.0,0.0,0.95,0.31666666666666665,NEEDS_REVIEW,"Missing or incomplete customer field(s): employee_name, employee_address"
2026-05-26T11:59:44.877164,20.02,W2_XL_input_clean_1112.pdf,clean,,,585-23-3255,Turner-Powell and Sons,,56-7437876,0.0,0.0,0.95,0.31666666666666665,NEEDS_REVIEW,"Missing or incomplete customer field(s): employee_name, employee_address"
2026-05-26T12:00:32.002355,22.02,W2_XL_input_clean_1115.pdf,clean,,,254-44-3211,Richardson and Sons PLC,79673 Natalie Street Suite 637 West Jason SD 32789-8414,58-9881216,0.0,0.0,0.95,0.31666666666666665,NEEDS_REVIEW,"Missing or incomplete customer field(s): employee_name, employee_address"
2026-05-26T12:00:46.978289,14.97,W2_XL_input_clean_1116.pdf,clean,,,790-13-2002,Pope and Sons Group,3056 Holloway Courts Suite 131 Port Spencer RI 33316-7130,42-1960986,0.0,0.0,0.95,0.31666666666666665,NEEDS_REVIEW,"Missing or incomplete customer field(s): employee_name, employee_address"
2026-05-26T12:03:00.945998,13.34,W2_XL_input_clean_1121.pdf,clean,,,852-14-0412,"Thomas, Glenn and Price LLC",31432 Collins Lane Suite 877 East Brandonberg VT 37565-0913,35-4799316,0.0,0.0,0.95,0.31666666666666665,NEEDS_REVIEW,"Missing or incomplete customer field(s): employee_name, employee_address"
2026-05-26T12:04:02.087682,13.15,W2_XL_input_clean_1126.pdf,clean,Maria Osborne,700 Paul Circles East Paulachester NJ,620-72-7574,Bishop LLC Group,3151 Williams Radial Lake Jamesland VA 40404-3311,27-8519750,0.95,0.0,0.95,0.6333333333333333,NEEDS_REVIEW,Missing or incomplete customer field(s): employee_address
2026-05-26T12:04:31.846425,12.48,W2_XL_input_clean_1128.pdf,clean,,,522-49-1342,Newton Ltd Group,,42-6960984,0.0,0.0,0.95,0.31666666666666665,NEEDS_REVIEW,"Missing or incomplete customer field(s): employee_name, employee_address"
2026-05-26T12:04:42.293307,10.44,W2_XL_input_clean_1129.pdf,clean,,,542-91-1912,Cook-Cox and Sons,,40-4448590,0.0,0.0,0.95,0.31666666666666665,NEEDS_REVIEW,"Missing or incomplete customer field(s): employee_name, employee_address"
2026-05-26T12:04:57.319039,15.02,W2_XL_input_clean_1130.pdf,clean,Inc Ray-Foster,1128 Melinda Neck Suite 038 Lake Garystad OH 61460-8259,757-83-5406,Ray-Foster Inc,1128 Melinda Neck Suite 038 Lake Garystad OH 61460-8259,01-2365032,0.0,0.95,0.95,0.6333333333333333,NEEDS_REVIEW,Missing or incomplete customer field(s): employee_name
2026-05-26T12:06:32.884297,15.61,W2_XL_input_clean_1133.pdf,clean,Inc Alexander-Jacobs,16875 Lozano Knoll Apt. 874 West Williamtown MI 68086-8095,747-80-2333,Alexander-Jacobs Inc,16875 Lozano Knoll Apt. 874 West Williamtown MI 68086-8095,65-1636977,0.0,0.95,0.95,0.6333333333333333,NEEDS_REVIEW,Missing or incomplete customer field(s): employee_name
2026-05-26T12:07:29.995249,11.72,W2_XL_input_clean_1137.pdf,clean,,,622-33-9568,Wilson-Atkins and Sons,2760 Jensen Dam Suite 636 Floreston NV 53958-2491,25-4463968,0.0,0.0,0.95,0.31666666666666665,NEEDS_REVIEW,"Missing or incomplete customer field(s): employee_name, employee_address"
2026-05-26T12:07:51.158612,21.16,W2_XL_input_clean_1138.pdf,clean,,,153-29-8425,"Johnson, Fletcher and Rose and Sons",,57-6893888,0.0,0.0,0.95,0.31666666666666665,NEEDS_REVIEW,"Missing or incomplete customer field(s): employee_name, employee_address"
2026-05-26T12:08:00.315461,9.15,W2_XL_input_clean_1139.pdf,clean,,,392-04-5826,"Gordon, Reed and Duran Inc",07832 Matthew Underpass Suite 193 Smithfort GA 69002-1546,65-5584503,0.0,0.0,0.95,0.31666666666666665,NEEDS_REVIEW,"Missing or incomplete customer field(s): employee_name, employee_address"
2026-05-26T12:08:08.727978,8.41,W2_XL_input_clean_1140.pdf,clean,,,293-66-6168,"Weber, Skinner and Fuller Ltd",,34-3781501,0.0,0.0,0.95,0.31666666666666665,NEEDS_REVIEW,"Missing or incomplete customer field(s): employee_name, employee_address"
2026-05-26T12:08:48.770266,40.04,W2_XL_input_clean_1141.pdf,clean,,,643-30-2996,Coleman-Shepherd and Sons,7281 Robin Road Suite 391 Jeffreyfurt FL 28057-4992,57-4209205,0.0,0.0,0.95,0.31666666666666665,NEEDS_REVIEW,"Missing or incomplete customer field(s): employee_name, employee_address"
2026-05-26T12:09:30.190452,41.41,W2_XL_input_clean_1142.pdf,clean,Donna Patel,35861 Dennis Tunnel Apt. New Elizabethport PA,389-55-8712,"Bryan, Nelson and Young Ltd",,75-7760572,0.95,0.0,0.95,0.6333333333333333,NEEDS_REVIEW,Missing or incomplete customer field(s): employee_address
2026-05-26T12:10:07.830118,8.06,W2_XL_input_clean_1145.pdf,clean,,,498-71-2917,"Randolph, Raymond and Sanchez Group",,54-8997942,0.0,0.0,0.95,0.31666666666666665,NEEDS_REVIEW,"Missing or incomplete customer field(s): employee_name, employee_address"
2026-05-26T12:11:34.592533,9.75,W2_XL_input_clean_1148.pdf,clean,,,345-75-2546,Price-Ryan LLC,047 Mills Ford New Aprilberg NH 89099-4815,61-2857328,0.0,0.0,0.95,0.31666666666666665,NEEDS_REVIEW,"Missing or incomplete customer field(s): employee_name, employee_address"
2026-05-26T12:11:57.264322,22.67,W2_XL_input_clean_1149.pdf,clean,,,271-55-6036,Scott Inc Ltd,,81-3791180,0.0,0.0,0.95,0.31666666666666665,NEEDS_REVIEW,"Missing or incomplete customer field(s): employee_name, employee_address"
2026-05-26T12:13:48.051683,10.12,W2_XL_input_clean_1150.pdf,clean,,,218-35-9502,"Walker, Mcpherson and Chen Group",,85-2831918,0.0,0.0,0.95,0.31666666666666665,NEEDS_REVIEW,"Missing or incomplete customer field(s): employee_name, employee_address"
2026-05-26T12:14:25.991713,16.39,W2_XL_input_clean_1152.pdf,clean,,,568-21-1311,Hanson and Sons Ltd,,57-9839030,0.0,0.0,0.95,0.31666666666666665,NEEDS_REVIEW,"Missing or incomplete customer field(s): employee_name, employee_address"
2026-05-26T12:14:39.554147,13.56,W2_XL_input_clean_1153.pdf,clean,Benjamin Wright,9854 Brown Mission Suite 677 Lake Jamesbury CA,489-46-0111,"Knox, Robles and Burton PLC",,41-5868363,0.95,0.0,0.95,0.6333333333333333,NEEDS_REVIEW,Missing or incomplete customer field(s): employee_address
2026-05-26T12:14:52.234545,12.67,W2_XL_input_clean_1154.pdf,clean,George Blair,2627 James Island Apt. 517 West Christinebury IN,399-92-8360,Green-Bryan Ltd,8304 Joshua Well Suite 533 West Tiffany MN 97748-7968,42-7969659,0.95,0.0,0.95,0.6333333333333333,NEEDS_REVIEW,Missing or incomplete customer field(s): employee_address
2026-05-26T12:15:58.485139,11.94,W2_XL_input_clean_1158.pdf,clean,,,500-54-2374,Harris-Trevino LLC,40285 Angela Stream Apt. Joshuachester NC 48466-5647,12-8284505,0.0,0.0,0.95,0.31666666666666665,NEEDS_REVIEW,"Missing or incomplete customer field(s): employee_name, employee_address"
2026-05-26T12:16:13.499829,15.01,W2_XL_input_clean_1159.pdf,clean,,,364-04-1837,Santiago Ltd LLC,503 Kayla Plains Lake Amyberg FL 11599-3168,52-2579011,0.0,0.0,0.95,0.31666666666666665,NEEDS_REVIEW,"Missing or incomplete customer field(s): employee_name, employee_address"
2026-05-26T12:16:48.075962,12.39,W2_XL_input_clean_1161.pdf,clean,Group Oneill-Tucker,312 Patricia Stravenue Apt. 118 Jamesstad VA 06319-3026,196-96-7335,Oneill-Tucker Group,312 Patricia Stravenue Apt. 118 Jamesstad VA 06319-3026,73-4871434,0.0,0.95,0.95,0.6333333333333333,NEEDS_REVIEW,Missing or incomplete customer field(s): employee_name
2026-05-26T12:19:17.841888,36.49,W2_XL_input_clean_1166.pdf,clean,,,633-81-0841,Shepherd Ltd LLC,9427 Wolf Land Suite 999 South Anthony WI 82862-7649,23-6687379,0.0,0.0,0.95,0.31666666666666665,NEEDS_REVIEW,"Missing or incomplete customer field(s): employee_name, employee_address"
2026-05-26T12:22:41.228953,95.19,W2_XL_input_clean_1174.pdf,clean,Christian Armstrong,8365 Katherine Grove Apt. 350 New Davidmouth TX,373-85-0443,"Hoffman, Clark and Glenn Ltd",18432 Adrienne Crescent Suite 717 West Kristin KY 92097-5373,51-0291196,0.95,0.0,0.95,0.6333333333333333,NEEDS_REVIEW,Missing or incomplete customer field(s): employee_address
2026-05-26T12:22:59.437988,9.06,W2_XL_input_clean_1176.pdf,clean,,,373-32-2429,Spencer Ltd LLC,,33-0636720,0.0,0.0,0.95,0.31666666666666665,NEEDS_REVIEW,"Missing or incomplete customer field(s): employee_name, employee_address"
2026-05-26T12:23:14.611526,15.17,W2_XL_input_clean_1177.pdf,clean,,,114-81-3138,Smith-Kennedy Inc,,59-1060564,0.0,0.0,0.95,0.31666666666666665,NEEDS_REVIEW,"Missing or incomplete customer field(s): employee_name, employee_address"
2026-05-26T12:24:45.111345,14.27,W2_XL_input_clean_1180.pdf,clean,,,671-75-6983,"Casey, Green and Morales Ltd",09741 Cassandra Light Apt. 584 Craigbury AR 13746-3381,32-3883575,0.0,0.0,0.95,0.31666666666666665,NEEDS_REVIEW,"Missing or incomplete customer field(s): employee_name, employee_address"
2026-05-26T12:25:37.264510,30.86,W2_XL_input_clean_1182.pdf,clean,,,407-78-1906,"Johnson, Fischer and Dunn Ltd",,84-4569151,0.0,0.0,0.95,0.31666666666666665,NEEDS_REVIEW,"Missing or incomplete customer field(s): employee_name, employee_address"
2026-05-26T12:27:44.036475,11.15,W2_XL_input_clean_1190.pdf,clean,,,807-70-9709,"Bailey, Miller and Smith Group",,73-9511111,0.0,0.0,0.95,0.31666666666666665,NEEDS_REVIEW,"Missing or incomplete customer field(s): employee_name, employee_address"
2026-05-26T12:28:19.799870,9.76,W2_XL_input_clean_1193.pdf,clean,Kayla Morales,21034 Madison Land Suite 882 West Daniellefurt ID,851-04-7748,"Chandler, Moore and Grant Inc",,15-8931213,0.95,0.0,0.95,0.6333333333333333,NEEDS_REVIEW,Missing or incomplete customer field(s): employee_address
2026-05-26T12:29:19.538159,44.49,W2_XL_input_clean_1195.pdf,clean,,,896-65-5539,"Kennedy, Walker and Anderson PLC",,67-8841878,0.0,0.0,0.95,0.31666666666666665,NEEDS_REVIEW,"Missing or incomplete customer field(s): employee_name, employee_address"
2026-05-26T12:29:31.188105,11.64,W2_XL_input_clean_1196.pdf,clean,,,838-36-8396,"Garcia, Spencer and Henderson Group",,80-7937301,0.0,0.0,0.95,0.31666666666666665,NEEDS_REVIEW,"Missing or incomplete customer field(s): employee_name, employee_address"
2026-05-26T12:29:43.618221,12.42,W2_XL_input_clean_1197.pdf,clean,,,678-28-1274,"Peters, Gill and Ryan Ltd",,80-8961916,0.0,0.0,0.95,0.31666666666666665,NEEDS_REVIEW,"Missing or incomplete customer field(s): employee_name, employee_address"
2026-05-26T12:30:22.850039,29.39,W2_XL_input_clean_1199.pdf,clean,,,706-24-6819,Diaz PLC Inc,89129 Wesley Junctions Suite 518 North Adriana OH 52281-5993,81-0327604,0.0,0.0,0.95,0.31666666666666665,NEEDS_REVIEW,"Missing or incomplete customer field(s): employee_name, employee_address"
2026-05-26T12:35:40.339820,14.23,W2_XL_input_clean_1200.pdf,clean,,,399-71-5465,Miller Group and Sons,,94-6803440,0.0,0.0,0.95,0.31666666666666665,NEEDS_REVIEW,"Missing or incomplete customer field(s): employee_name, employee_address"
2026-05-26T12:36:09.827190,29.48,W2_XL_input_clean_1201.pdf,clean,Veronica Martinez,17157 Howard Street 37839-4199,275-50-8196,"Diaz, Stout and Martin Inc",423 Melanie Islands Suite 462 Joelside PA 43261-5685,46-9100181,0.95,0.0,0.95,0.6333333333333333,NEEDS_REVIEW,Missing or incomplete customer field(s): employee_address
2026-05-26T12:39:16.730159,19.28,W2_XL_input_clean_1209.pdf,clean,,,726-08-1681,Young-Peterson and Sons,87335 Anderson Trafficway Suite 072 West Heatherside KS 23634-6803,85-6343803,0.0,0.0,0.95,0.31666666666666665,NEEDS_REVIEW,"Missing or incomplete customer field(s): employee_name, employee_address"
2026-05-26T12:39:48.909463,32.17,W2_XL_input_clean_1210.pdf,clean,,,289-02-0762,Schneider-Best Group,,20-9980120,0.0,0.0,0.95,0.31666666666666665,NEEDS_REVIEW,"Missing or incomplete customer field(s): employee_name, employee_address"
2026-05-26T12:39:59.877742,10.96,W2_XL_input_clean_1211.pdf,clean,,,444-13-7461,"Kerr, Macdonald and Anderson Ltd",,82-1737253,0.0,0.0,0.95,0.31666666666666665,NEEDS_REVIEW,"Missing or incomplete customer field(s): employee_name, employee_address"
2026-05-26T12:40:08.739348,8.85,W2_XL_input_clean_1212.pdf,clean,,,555-72-4824,"Campbell, Murphy and Cook LLC",,99-6957558,0.0,0.0,0.95,0.31666666666666665,NEEDS_REVIEW,"Missing or incomplete customer field(s): employee_name, employee_address"
2026-05-26T12:40:29.379722,10.52,W2_XL_input_clean_1214.pdf,clean,,,148-27-5028,Flores-Mclean PLC,,03-7979627,0.0,0.0,0.95,0.31666666666666665,NEEDS_REVIEW,"Missing or incomplete customer field(s): employee_name, employee_address"
2026-05-26T12:41:41.503998,45.95,W2_XL_input_clean_1217.pdf,clean,,,760-70-6926,Rowe Group LLC,478 Rice Vista Apt. 465 Johnsonstad SC 10040-4619,40-6889960,0.0,0.0,0.95,0.31666666666666665,NEEDS_REVIEW,"Missing or incomplete customer field(s): employee_name, employee_address"
2026-05-26T12:42:12.462731,30.95,W2_XL_input_clean_1218.pdf,clean,,,625-51-6146,Owen Ltd Inc,,04-3585886,0.0,0.0,0.95,0.31666666666666665,NEEDS_REVIEW,"Missing or incomplete customer field(s): employee_name, employee_address"
2026-05-26T12:45:21.237871,14.63,W2_XL_input_clean_1228.pdf,clean,,,338-68-6774,"Rodriguez, Jennings and Olson Inc",5844 Melissa Springs Suite 977 Sullivanside UT 26221-2399,84-8640205,0.0,0.0,0.95,0.31666666666666665,NEEDS_REVIEW,"Missing or incomplete customer field(s): employee_name, employee_address"
2026-05-26T12:46:04.375277,11.8,W2_XL_input_clean_1231.pdf,clean,,,661-19-6528,"Davis,",32541 Timothy Rapid Apt. 689 Cynthiafort IA 33758-9328,86-3227844,0.0,0.0,0.95,0.31666666666666665,NEEDS_REVIEW,"Missing or incomplete customer field(s): employee_name, employee_address"
2026-05-26T12:46:35.766119,7.84,W2_XL_input_clean_1234.pdf,clean,,,229-64-6753,Davis Inc Group,,02-6729995,0.0,0.0,0.95,0.31666666666666665,NEEDS_REVIEW,"Missing or incomplete customer field(s): employee_name, employee_address"
2026-05-26T12:47:07.759945,10.91,W2_XL_input_clean_1237.pdf,clean,,,583-24-8389,"Martin, Finley and Adams Group",,55-1198496,0.0,0.0,0.95,0.31666666666666665,NEEDS_REVIEW,"Missing or incomplete customer field(s): employee_name, employee_address"
2026-05-26T12:47:26.185092,18.42,W2_XL_input_clean_1238.pdf,clean,Beth Johnson,385 Griffith Island Suite 490,434-80-1285,Cannon-Mccarty Ltd,,71-1165495,0.95,0.0,0.95,0.6333333333333333,NEEDS_REVIEW,Missing or incomplete customer field(s): employee_address
2026-05-26T12:47:37.356237,11.16,W2_XL_input_clean_1239.pdf,clean,,,675-16-9765,"Hill, Morrison and Tucker Ltd",,22-7374544,0.0,0.0,0.95,0.31666666666666665,NEEDS_REVIEW,"Missing or incomplete customer field(s): employee_name, employee_address"
2026-05-26T12:48:04.624811,15.83,W2_XL_input_clean_1241.pdf,clean,Jason Dudley,717 Delacruz Locks Suite 266 South Matthewburgh NV,406-97-4665,"Johnson, Roy and Martin LLC",83909 Jeffrey Loop Suite 842 Toniside NV 38676-3951,15-6228698,0.95,0.0,0.95,0.6333333333333333,NEEDS_REVIEW,Missing or incomplete customer field(s): employee_address
2026-05-26T12:48:19.645685,15.01,W2_XL_input_clean_1242.pdf,clean,,,027-68-4177,Wilson-Powell LLC,,10-5088904,0.0,0.0,0.95,0.31666666666666665,NEEDS_REVIEW,"Missing or incomplete customer field(s): employee_name, employee_address"
2026-05-26T12:48:29.782978,10.13,W2_XL_input_clean_1243.pdf,clean,,,568-20-8440,Hicks LLC Inc,,81-3167870,0.0,0.0,0.95,0.31666666666666665,NEEDS_REVIEW,"Missing or incomplete customer field(s): employee_name, employee_address"
2026-05-26T12:49:22.866545,19.94,W2_XL_input_clean_1246.pdf,clean,,,862-12-4167,Frank LLC PLC,,73-3698308,0.0,0.0,0.95,0.31666666666666665,NEEDS_REVIEW,"Missing or incomplete customer field(s): employee_name, employee_address"
2026-05-26T12:49:33.197202,10.32,W2_XL_input_clean_1247.pdf,clean,Cody Butler,062 Mercado Forge Suite 445 Lake Brittneyside SC,809-05-7400,Mcmahon Ltd Group,,62-1445541,0.95,0.0,0.95,0.6333333333333333,NEEDS_REVIEW,Missing or incomplete customer field(s): employee_address
2026-05-26T12:49:57.656174,12.88,W2_XL_input_clean_1249.pdf,clean,,,796-77-6855,Sullivan and Sons Inc,,14-4278656,0.0,0.0,0.95,0.31666666666666665,NEEDS_REVIEW,"Missing or incomplete customer field(s): employee_name, employee_address"
2026-05-26T12:52:50.737480,23.47,W2_XL_input_clean_1251.pdf,clean,,,053-23-6720,Christensen-Brown LLC,2427 Melissa Vista Suite 083 Kyleville MT 06865-9887,98-4447991,0.0,0.0,0.95,0.31666666666666665,NEEDS_REVIEW,"Missing or incomplete customer field(s): employee_name, employee_address"
2026-05-26T12:53:24.766933,11.28,W2_XL_input_clean_1253.pdf,clean,,,256-65-7909,Cohen LLC Group,,68-4555919,0.0,0.0,0.95,0.31666666666666665,NEEDS_REVIEW,"Missing or incomplete customer field(s): employee_name, employee_address"
2026-05-26T12:53:51.811191,10.83,W2_XL_input_clean_1255.pdf,clean,,,323-34-9416,Andrews Inc and Sons,7939 Wolfe Plaza Suite 176 East Patriciaport WA 28982-0176,43-7965534,0.0,0.0,0.95,0.31666666666666665,NEEDS_REVIEW,"Missing or incomplete customer field(s): employee_name, employee_address"
2026-05-26T12:54:22.708123,18.63,W2_XL_input_clean_1257.pdf,clean,Mark Hughes,6590 Contreras Union Suite 841 11322-5109,763-36-2199,"West, Wilcox and Wong Inc",5909 Thomas Streets Apt. 299 Lake Ashley MO 30520-2535,05-9788940,0.95,0.0,0.95,0.6333333333333333,NEEDS_REVIEW,Missing or incomplete customer field(s): employee_address
2026-05-26T12:55:11.962450,16.53,W2_XL_input_clean_1259.pdf,clean,,,540-07-9666,"Lynch, White and Lopez PLC",21718 Michelle Throughway Bennettbury RI 47866-7017,80-9614443,0.0,0.0,0.95,0.31666666666666665,NEEDS_REVIEW,"Missing or incomplete customer field(s): employee_name, employee_address"
2026-05-26T12:55:33.073563,21.1,W2_XL_input_clean_1260.pdf,clean,,,687-84-1504,Norton and Sons PLC,313 Vazquez Club Apt. 275 Jamesshire CA 93672-0603,12-6175863,0.0,0.0,0.95,0.31666666666666665,NEEDS_REVIEW,"Missing or incomplete customer field(s): employee_name, employee_address"
2026-05-26T12:55:56.547231,23.47,W2_XL_input_clean_1261.pdf,clean,,,193-67-6836,Gibson Ltd PLC,22705 Wise Squares Apt. 168 Barnettside OK 74792-9083,77-0159288,0.0,0.0,0.95,0.31666666666666665,NEEDS_REVIEW,"Missing or incomplete customer field(s): employee_name, employee_address"
2026-05-26T12:56:18.267299,21.71,W2_XL_input_clean_1262.pdf,clean,Wilson-Friedman Group,61559 Joshua Pines West Timothymouth CO 00921-9578,113-82-0319,Wilson-Friedman Group,61559 Joshua Pines West Timothymouth CO 00921-9578,87-9807361,0.0,0.95,0.95,0.6333333333333333,NEEDS_REVIEW,Missing or incomplete customer field(s): employee_name
2026-05-26T12:56:42.796307,24.52,W2_XL_input_clean_1263.pdf,clean,,,451-75-9242,Campbell PLC PLC,7348 Lauren Harbors Apt. 622 East William MO 98655-2564,56-4466600,0.0,0.0,0.95,0.31666666666666665,NEEDS_REVIEW,"Missing or incomplete customer field(s): employee_name, employee_address"
2026-05-26T12:57:07.486547,11.82,W2_XL_input_clean_1265.pdf,clean,,,739-06-7881,Johnson LLC PLC,4731 Burch Prairie East James ND 73293-1997,35-4778288,0.0,0.0,0.95,0.31666666666666665,NEEDS_REVIEW,"Missing or incomplete customer field(s): employee_name, employee_address"
2026-05-26T12:57:21.873098,14.38,W2_XL_input_clean_1266.pdf,clean,,,408-32-7338,"Alvarado, Simpson and Moody and Sons",883 Long Islands New Jacqueline KY 66121-2409,71-7121003,0.0,0.0,0.95,0.31666666666666665,NEEDS_REVIEW,"Missing or incomplete customer field(s): employee_name, employee_address"
2026-05-26T12:57:33.291900,11.41,W2_XL_input_clean_1267.pdf,clean,,,365-76-0209,Rollins-Brooks LLC,,72-5259005,0.0,0.0,0.95,0.31666666666666665,NEEDS_REVIEW,"Missing or incomplete customer field(s): employee_name, employee_address"
2026-05-26T12:58:27.824672,19.55,W2_XL_input_clean_1269.pdf,clean,,,644-94-2984,Mclaughlin-Rios Inc,,98-0018234,0.0,0.0,0.95,0.31666666666666665,NEEDS_REVIEW,"Missing or incomplete customer field(s): employee_name, employee_address"
2026-05-26T12:58:54.021762,12.12,W2_XL_input_clean_1271.pdf,clean,,,286-99-4036,Lamb-Martinez LLC,,64-7253142,0.0,0.0,0.95,0.31666666666666665,NEEDS_REVIEW,"Missing or incomplete customer field(s): employee_name, employee_address"
2026-05-26T12:59:15.358651,10.16,W2_XL_input_clean_1273.pdf,clean,,,540-88-7917,"Wilson, Bradley and Liu PLC",5188 Jesus Streets Apt. 324 West Xavierstad WA 76412-8693,95-0285176,0.0,0.0,0.95,0.31666666666666665,NEEDS_REVIEW,"Missing or incomplete customer field(s): employee_name, employee_address"
2026-05-26T12:59:32.055202,16.68,W2_XL_input_clean_1274.pdf,clean,,,878-59-8220,"Davis, Knight and Mercer and Sons",9894 Julie Radial Port Richardshire NJ 21073-0554,63-4071592,0.0,0.0,0.95,0.31666666666666665,NEEDS_REVIEW,"Missing or incomplete customer field(s): employee_name, employee_address"
2026-05-26T13:00:08.592962,12.45,W2_XL_input_clean_1277.pdf,clean,Frazier-Matthews Ltd,372 Alison Union Suite 015 Lake Wesleyshire CA 39137-2527,198-95-8570,Frazier-Matthews Ltd,372 Alison Union Suite 015 Lake Wesleyshire CA 39137-2527,73-2956380,0.0,0.95,0.95,0.6333333333333333,NEEDS_REVIEW,Missing or incomplete customer field(s): employee_name
2026-05-26T13:00:18.346214,9.74,W2_XL_input_clean_1278.pdf,clean,,,729-81-6005,"Cruz, Rodriguez and Moran PLC",,94-1358226,0.0,0.0,0.95,0.31666666666666665,NEEDS_REVIEW,"Missing or incomplete customer field(s): employee_name, employee_address"
2026-05-26T13:00:29.935716,11.58,W2_XL_input_clean_1279.pdf,clean,,,399-40-6859,Pruitt and Sons LLC,6109 Russell Shoals Suite 426 West Alexandriaport WV 54125-5046,91-1320011,0.0,0.0,0.95,0.31666666666666665,NEEDS_REVIEW,"Missing or incomplete customer field(s): employee_name, employee_address"
2026-05-26T13:01:01.887863,18.59,W2_XL_input_clean_1281.pdf,clean,,,750-17-0064,"Fisher, Jones and Butler and Sons",7776 Stokes Rest Suite 696 Craigbury OH 65474-0989,99-5378091,0.0,0.0,0.95,0.31666666666666665,NEEDS_REVIEW,"Missing or incomplete customer field(s): employee_name, employee_address"
2026-05-26T13:01:25.756815,23.86,W2_XL_input_clean_1282.pdf,clean,Johnson-Owens Group,87627 Tony Center Suite 836 Andersonview DC 40352-4923,187-14-6674,Johnson-Owens Group,87627 Tony Center Suite 836 Andersonview DC 40352-4923,86-1288409,0.0,0.95,0.95,0.6333333333333333,NEEDS_REVIEW,Missing or incomplete customer field(s): employee_name
2026-05-26T13:02:08.770002,16.03,W2_XL_input_clean_1285.pdf,clean,,,451-91-4327,"Freeman,",,58-6855215,0.0,0.0,0.95,0.31666666666666665,NEEDS_REVIEW,"Missing or incomplete customer field(s): employee_name, employee_address"
2026-05-26T13:02:54.805775,11.14,W2_XL_input_clean_1288.pdf,clean,,,793-81-8894,"Meyer, Zuniga and Washington LLC",65799 Robinson Courts Suite 268 Harttown KS 47884-5904,39-8531773,0.0,0.0,0.95,0.31666666666666665,NEEDS_REVIEW,"Missing or incomplete customer field(s): employee_name, employee_address"
2026-05-26T13:03:28.519111,22.17,W2_XL_input_clean_1290.pdf,clean,,,636-10-0307,Jefferson-Perkins and Sons,,33-0924804,0.0,0.0,0.95,0.31666666666666665,NEEDS_REVIEW,"Missing or incomplete customer field(s): employee_name, employee_address"
2026-05-26T13:04:01.288728,14.52,W2_XL_input_clean_1292.pdf,clean,,,259-94-2403,Kim Ltd Ltd,,38-8430310,0.0,0.0,0.95,0.31666666666666665,NEEDS_REVIEW,"Missing or incomplete customer field(s): employee_name, employee_address"
2026-05-26T13:04:32.818890,31.52,W2_XL_input_clean_1293.pdf,clean,,,608-05-7579,Brown-Macdonald LLC,73752 Farmer Stream Michaelland VT 29520-2971,23-5214522,0.0,0.0,0.95,0.31666666666666665,NEEDS_REVIEW,"Missing or incomplete customer field(s): employee_name, employee_address"
2026-05-26T13:04:41.053717,8.23,W2_XL_input_clean_1294.pdf,clean,,,379-39-9977,"Hernandez, Ruiz and Williams and Sons",,77-3008793,0.0,0.0,0.95,0.31666666666666665,NEEDS_REVIEW,"Missing or incomplete customer field(s): employee_name, employee_address"
2026-05-26T13:13:12.432754,19.17,W2_XL_input_clean_1300.pdf,clean,,,578-25-8443,"Greene, Sherman and Dickerson PLC",,24-2826979,0.0,0.0,0.95,0.31666666666666665,NEEDS_REVIEW,"Missing or incomplete customer field(s): employee_name, employee_address"
2026-05-26T13:13:56.210826,43.77,W2_XL_input_clean_1301.pdf,clean,Adams-Contreras Group,1169 Ingram Road Apt. 095 Bakerhaven CO 70733-3442,589-81-7233,Adams-Contreras Group,1169 Ingram Road Apt. 095 Bakerhaven CO 70733-3442,51-3030992,0.0,0.95,0.95,0.6333333333333333,NEEDS_REVIEW,Missing or incomplete customer field(s): employee_name
2026-05-26T13:14:37.993526,11.77,W2_XL_input_clean_1304.pdf,clean,Bates-Thomas Ltd,389 Kevin River Suite 997 East Leslieburgh MN 33957-1841,152-95-3720,Bates-Thomas Ltd,389 Kevin River Suite 997 East Leslieburgh MN 33957-1841,24-0979157,0.0,0.95,0.95,0.6333333333333333,NEEDS_REVIEW,Missing or incomplete customer field(s): employee_name
2026-05-26T13:15:19.757482,11.02,W2_XL_input_clean_1307.pdf,clean,,,144-45-5742,"Murphy, Oliver and York Inc",13200 Candice Mills Apt. 272 Dodsonberg AZ 22471-8401,04-0167789,0.0,0.0,0.95,0.31666666666666665,NEEDS_REVIEW,"Missing or incomplete customer field(s): employee_name, employee_address"
2026-05-26T13:15:30.065985,10.3,W2_XL_input_clean_1308.pdf,clean,,,157-04-1198,Peters-Grant PLC,24358 Tamara Shore Suite 896 New Annaberg NE 67700-9250,54-0451594,0.0,0.0,0.95,0.31666666666666665,NEEDS_REVIEW,"Missing or incomplete customer field(s): employee_name, employee_address"
2026-05-26T13:15:43.685383,13.61,W2_XL_input_clean_1309.pdf,clean,Meredith Price,3567 Fuller Valley Apt. 267 Andersonchester WA,825-86-5953,"Pratt,",656 Rocha Squares Suite 341 New Bradley WV 93741-7018,80-2972761,0.95,0.0,0.95,0.6333333333333333,NEEDS_REVIEW,Missing or incomplete customer field(s): employee_address
2026-05-26T13:15:55.856425,12.16,W2_XL_input_clean_1310.pdf,clean,,,741-69-2778,Mason-Petersen Ltd,,12-9581111,0.0,0.0,0.95,0.31666666666666665,NEEDS_REVIEW,"Missing or incomplete customer field(s): employee_name, employee_address"
2026-05-26T13:16:11.410832,15.54,W2_XL_input_clean_1311.pdf,clean,,,539-78-6191,Alexander-Smith and Sons,62946 Jeffrey Ports Apt. Martinezshire SD 82501-3954,72-8043157,0.0,0.0,0.95,0.31666666666666665,NEEDS_REVIEW,"Missing or incomplete customer field(s): employee_name, employee_address"
2026-05-26T13:17:47.376231,21.07,W2_XL_input_clean_1316.pdf,clean,Rodney Fuller,32006 Mays Hollow Suite 687 Port Daniellestad KY,417-48-4270,Webb Ltd and Sons,,20-6652385,0.95,0.0,0.95,0.6333333333333333,NEEDS_REVIEW,Missing or incomplete customer field(s): employee_address
2026-05-26T13:19:00.357376,17.73,W2_XL_input_clean_1321.pdf,clean,Vaughan-Olsen Group,34095 Armstrong Fords Suite 463 North Thomas ND 47841-9096,433-44-6975,Vaughan-Olsen Group,34095 Armstrong Fords Suite 463 North Thomas ND 47841-9096,56-3467346,0.0,0.95,0.95,0.6333333333333333,NEEDS_REVIEW,Missing or incomplete customer field(s): employee_name
2026-05-26T13:19:24.417094,24.05,W2_XL_input_clean_1322.pdf,clean,,,279-05-3831,Stewart-Hernandez PLC,,20-7032121,0.0,0.0,0.95,0.31666666666666665,NEEDS_REVIEW,"Missing or incomplete customer field(s): employee_name, employee_address"
2026-05-26T13:19:54.974646,16.27,W2_XL_input_clean_1324.pdf,clean,David Rivera,7077 Victoria Points North Katherineport UT,622-44-8319,Wood Inc and Sons,5848 Henry Forge Apt. 398 New Gary NE 22122-6863,77-0025827,0.95,0.0,0.95,0.6333333333333333,NEEDS_REVIEW,Missing or incomplete customer field(s): employee_address
2026-05-26T13:21:15.599756,14.01,W2_XL_input_clean_1326.pdf,clean,Daniel Scott,7703 Stokes Forest Suite 381 33745-9863,197-98-7861,"Moreno, Burns and Wilkinson PLC",0679 Gill Junctions Apt. Lake Rachel AL 40976-1406,62-4761876,0.95,0.0,0.95,0.6333333333333333,NEEDS_REVIEW,Missing or incomplete customer field(s): employee_address
2026-05-26T13:22:11.862565,27.63,W2_XL_input_clean_1329.pdf,clean,,,720-70-6553,Pierce LLC and Sons,,02-8130512,0.0,0.0,0.95,0.31666666666666665,NEEDS_REVIEW,"Missing or incomplete customer field(s): employee_name, employee_address"
2026-05-26T13:22:28.079977,16.21,W2_XL_input_clean_1330.pdf,clean,,,721-26-2378,Munoz-Mack LLC,134 Katelyn Shores Suite 851 West Marctown CO 88179-6702,24-7042755,0.0,0.0,0.95,0.31666666666666665,NEEDS_REVIEW,"Missing or incomplete customer field(s): employee_name, employee_address"
2026-05-26T13:24:20.993197,36.79,W2_XL_input_clean_1337.pdf,clean,,,581-70-3222,Davis Group LLC,,36-2070087,0.0,0.0,0.95,0.31666666666666665,NEEDS_REVIEW,"Missing or incomplete customer field(s): employee_name, employee_address"
2026-05-26T13:25:00.417541,12.63,W2_XL_input_clean_1340.pdf,clean,,,863-50-2633,Johnson LLC Inc,98022 Courtney Rapid Apt. 763 Davidtown IA 20868-9326,24-3421744,0.0,0.0,0.95,0.31666666666666665,NEEDS_REVIEW,"Missing or incomplete customer field(s): employee_name, employee_address"
2026-05-26T13:25:47.246727,11.07,W2_XL_input_clean_1343.pdf,clean,,,248-33-6084,"Ray, Taylor and Clark PLC",,91-5950114,0.0,0.0,0.95,0.31666666666666665,NEEDS_REVIEW,"Missing or incomplete customer field(s): employee_name, employee_address"
2026-05-26T13:26:07.470065,20.21,W2_XL_input_clean_1344.pdf,clean,,,484-56-1868,Harmon-Gomez LLC,,84-1326365,0.0,0.0,0.95,0.31666666666666665,NEEDS_REVIEW,"Missing or incomplete customer field(s): employee_name, employee_address"
2026-05-26T13:26:31.407988,12.16,W2_XL_input_clean_1346.pdf,clean,,,688-20-2674,"Garcia, Campbell and Wheeler Ltd",,02-7071860,0.0,0.0,0.95,0.31666666666666665,NEEDS_REVIEW,"Missing or incomplete customer field(s): employee_name, employee_address"
2026-05-26T13:27:14.940984,30.36,W2_XL_input_clean_1348.pdf,clean,,,885-73-5199,Davidson Inc Inc,,55-7716100,0.0,0.0,0.95,0.31666666666666665,NEEDS_REVIEW,"Missing or incomplete customer field(s): employee_name, employee_address"
2026-05-26T13:27:39.567750,24.62,W2_XL_input_clean_1349.pdf,clean,,,517-45-5488,Holder LLC LLC,,36-0139813,0.0,0.0,0.95,0.31666666666666665,NEEDS_REVIEW,"Missing or incomplete customer field(s): employee_name, employee_address"
2026-05-26T13:32:26.594986,11.57,W2_XL_input_clean_1351.pdf,clean,,,599-15-5784,Greene and Sons Ltd,472 Kimberly Shore Apt. 978 South Richard HI 44310-7336,26-0300229,0.0,0.0,0.95,0.31666666666666665,NEEDS_REVIEW,"Missing or incomplete customer field(s): employee_name, employee_address"
2026-05-26T13:32:59.328487,14.65,W2_XL_input_clean_1353.pdf,clean,,,285-40-4223,Pacheco Inc Ltd,,60-4232118,0.0,0.0,0.95,0.31666666666666665,NEEDS_REVIEW,"Missing or incomplete customer field(s): employee_name, employee_address"
2026-05-26T13:33:40.613182,14.53,W2_XL_input_clean_1355.pdf,clean,,,832-67-8771,Foster PLC PLC,0095 Todd Expressway Apt. 026 New Shane OK 19738-8763,10-1051129,0.0,0.0,0.95,0.31666666666666665,NEEDS_REVIEW,"Missing or incomplete customer field(s): employee_name, employee_address"
2026-05-26T13:33:56.018490,15.39,W2_XL_input_clean_1356.pdf,clean,,,736-20-9333,Porter and Sons LLC,,56-9958217,0.0,0.0,0.95,0.31666666666666665,NEEDS_REVIEW,"Missing or incomplete customer field(s): employee_name, employee_address"
2026-05-26T13:34:50.924514,17.62,W2_XL_input_clean_1359.pdf,clean,Dennis-Erickson Ltd,66656 Johnson Brook Suite 053 Lake Amy PA 21885-2099,400-18-3267,Dennis-Erickson Ltd,66656 Johnson Brook Suite 053 Lake Amy PA 21885-2099,86-3619959,0.0,0.95,0.95,0.6333333333333333,NEEDS_REVIEW,Missing or incomplete customer field(s): employee_name
2026-05-26T13:35:33.863143,11.24,W2_XL_input_clean_1362.pdf,clean,Justin Hughes,07831 Holly Vista Suite 887 North Josephmouth OH,836-93-9415,"Smith,",0019 Kemp Island Apt. 684 Lake Jose VT 09001-8953,58-8485432,0.95,0.0,0.95,0.6333333333333333,NEEDS_REVIEW,Missing or incomplete customer field(s): employee_address
2026-05-26T13:36:31.717946,15.08,W2_XL_input_clean_1366.pdf,clean,Rhonda Gonzales,8195 Catherine Villages Apt. 817 78254-4382,697-41-4925,Walsh-Hamilton Inc,424 Kimberly Trail Suite 876 Gravesborough CO 63895-5244,31-7487391,0.95,0.0,0.95,0.6333333333333333,NEEDS_REVIEW,Missing or incomplete customer field(s): employee_address
2026-05-26T13:37:01.035904,29.31,W2_XL_input_clean_1367.pdf,clean,,,568-47-0259,"Pearson, Adams and Beck PLC",,68-7885980,0.0,0.0,0.95,0.31666666666666665,NEEDS_REVIEW,"Missing or incomplete customer field(s): employee_name, employee_address"
2026-05-26T13:37:41.021602,39.97,W2_XL_input_clean_1368.pdf,clean,Ryan Smith,93477 Makayla Stream Apt. 285 East Sandrashire NH,079-14-0849,Ward-Martinez Inc,00215 Beth Glens Suite 617 East Lauren NY 48664-4262,95-3831047,0.95,0.0,0.95,0.6333333333333333,NEEDS_REVIEW,Missing or incomplete customer field(s): employee_address
2026-05-26T13:38:40.131360,14.27,W2_XL_input_clean_1371.pdf,clean,,,164-10-2646,"Berry, Cummings and Estrada and Sons",,30-1187691,0.0,0.0,0.95,0.31666666666666665,NEEDS_REVIEW,"Missing or incomplete customer field(s): employee_name, employee_address"
2026-05-26T13:38:49.987057,9.84,W2_XL_input_clean_1372.pdf,clean,,,092-19-1466,Miller-Wilson and Sons,49463 Alicia Trace Apt. 916 Pughfort KS 18744-2445,67-6281987,0.0,0.0,0.95,0.31666666666666665,NEEDS_REVIEW,"Missing or incomplete customer field(s): employee_name, employee_address"
2026-05-26T13:38:59.071694,9.07,W2_XL_input_clean_1373.pdf,clean,,,226-31-1605,"Allen,",742 Wilkins Mountains Suite 507 Donaldville DC 27881-5130,37-2544985,0.0,0.0,0.95,0.31666666666666665,NEEDS_REVIEW,"Missing or incomplete customer field(s): employee_name, employee_address"
2026-05-26T13:39:13.267678,14.19,W2_XL_input_clean_1374.pdf,clean,,,055-60-1067,Davis-Martin and Sons,4377 Paul Vista Suite 608 Port Samuelport FL 14689-1628,37-5478046,0.0,0.0,0.95,0.31666666666666665,NEEDS_REVIEW,"Missing or incomplete customer field(s): employee_name, employee_address"
2026-05-26T13:39:56.404359,15.41,W2_XL_input_clean_1376.pdf,clean,,,304-39-4621,Stevens-Prince Group,,26-0400969,0.0,0.0,0.95,0.31666666666666665,NEEDS_REVIEW,"Missing or incomplete customer field(s): employee_name, employee_address"
2026-05-26T13:40:58.121198,19.93,W2_XL_input_clean_1380.pdf,clean,,,385-99-1827,"Hobbs, Cooper and Brown Ltd",094 Moore Drive Suite 274 Stacyfort DC 58588-7055,26-4080470,0.0,0.0,0.95,0.31666666666666665,NEEDS_REVIEW,"Missing or incomplete customer field(s): employee_name, employee_address"
2026-05-26T13:41:49.548389,14.94,W2_XL_input_clean_1382.pdf,clean,,,228-25-3870,Lee Group and Sons,10974 Cabrera Prairie Suite 285 Lake Dawn PA 27721-0412,60-2251918,0.0,0.0,0.95,0.31666666666666665,NEEDS_REVIEW,"Missing or incomplete customer field(s): employee_name, employee_address"
2026-05-26T13:44:16.547496,9.78,W2_XL_input_clean_1392.pdf,clean,,,146-93-8594,"Jackson, King and Peters Ltd",85024 Jared Street Apt. 481 East Ronald NE 51810-6340,80-5094836,0.0,0.0,0.95,0.31666666666666665,NEEDS_REVIEW,"Missing or incomplete customer field(s): employee_name, employee_address"
2026-05-26T13:44:58.641294,12.59,W2_XL_input_clean_1395.pdf,clean,Kimberly Khan,223 Mcknight Neck Suite 489 West Michaelmouth VT,247-43-0212,King and Sons Ltd,,73-7379739,0.95,0.0,0.95,0.6333333333333333,NEEDS_REVIEW,Missing or incomplete customer field(s): employee_address
2026-05-26T13:46:03.907888,24.47,W2_XL_input_clean_1398.pdf,clean,Inc Cochran-Stephenson,85456 Lewis Wells Apt. 156 North James FL 18462-7999,701-74-1067,Cochran-Stephenson Inc,85456 Lewis Wells Apt. 156 North James FL 18462-7999,80-5837777,0.0,0.95,0.95,0.6333333333333333,NEEDS_REVIEW,Missing or incomplete customer field(s): employee_name
2026-05-26T13:47:29.912673,13.12,W2_XL_input_clean_1400.pdf,clean,,,211-13-6871,Cochran and Sons Ltd,57666 John Divide Suite 224 Port Jose DE 88060-1449,51-8191200,0.0,0.0,0.95,0.31666666666666665,NEEDS_REVIEW,"Missing or incomplete customer field(s): employee_name, employee_address"
2026-05-26T13:48:09.803021,11.12,W2_XL_input_noisy_2909.pdf,noisy,,,815-14-3849,,,47-4303247,0.0,0.0,0.9,0.3,NEEDS_REVIEW,"Missing or incomplete customer field(s): employee_name, employee_address"
2026-05-26T13:48:50.724874,18.83,W2_XL_input_noisy_2913.pdf,noisy,Danny Cruz,148 Marquez Cliff Apt. 823 Port Alexanderside AZ,722-70-2179,Calhoun PLC Group,02146 Emily Lock Brennanberg TX 95296-4635,65-6322014,0.95,0.0,0.95,0.6333333333333333,NEEDS_REVIEW,Missing or incomplete customer field(s): employee_address
2026-05-26T13:49:04.310556,13.57,W2_XL_input_noisy_2915.pdf,noisy,Brian Thompson,29204 Harding Shoals Apt. 943 Benjaminchester ID,401-09-3931,Farmer Ltd LLC,25668 Alyssa Plaza Apt. 495 South Erinfort FL 39579-7371,30-9495548,0.95,0.0,0.95,0.6333333333333333,NEEDS_REVIEW,Missing or incomplete customer field(s): employee_address
2026-05-26T13:50:52.972498,52.08,W2_XL_input_noisy_2917.pdf,noisy,Steven Mason,453 Kelly Throughwa Petersonfort ND 25841-7459,,,,,0.9,0.9,0.0,0.6,NEEDS_REVIEW,Missing or incomplete customer field(s): employee_ssn
2026-05-26T13:56:15.580501,281.39,W2_XL_input_noisy_2921.pdf,noisy,,,,,,,0.0,0.0,0.0,0.0,NEEDS_REVIEW,"Missing or incomplete customer field(s): employee_name, employee_address, employee_ssn"
2026-05-26T13:57:49.562413,25.12,W2_XL_input_noisy_2926.pdf,noisy,Ran Conn,26716 Soto Views Cookville WY 93357-2482,,,,57-3942859,0.9,0.9,0.0,0.6,NEEDS_REVIEW,Missing or incomplete customer field(s): employee_ssn
2026-05-26T13:58:03.949516,14.38,W2_XL_input_noisy_2928.pdf,noisy,,,211-57-0677,,,85-4435694,0.0,0.0,0.95,0.31666666666666665,NEEDS_REVIEW,"Missing or incomplete customer field(s): employee_name, employee_address"
2026-05-26T13:59:44.811987,61.72,W2_XL_input_noisy_2930.pdf,noisy,,,558-52-7912,Ortiz PLC Inc,2842 Wheeler Place Apt. 307 New Brandonfort VT,20-8933111,0.0,0.0,0.95,0.31666666666666665,NEEDS_REVIEW,"Missing or incomplete customer field(s): employee_name, employee_address"
2026-05-26T13:59:53.593803,8.77,W2_XL_input_noisy_2931.pdf,noisy,,,,,,,0.0,0.0,0.0,0.0,NEEDS_REVIEW,"Missing or incomplete customer field(s): employee_name, employee_address, employee_ssn"
2026-05-26T14:00:12.167550,18.56,W2_XL_input_noisy_2932.pdf,noisy,East Dannyfurt,89307 Eric Locks Suite 979,,,,31-7142371,0.9,0.0,0.0,0.3,NEEDS_REVIEW,"Missing or incomplete customer field(s): employee_address, employee_ssn"
2026-05-26T14:00:51.669614,39.49,W2_XL_input_noisy_2933.pdf,noisy,Bollyshire Fort,9345 Patrick Plaza Reedbury GA 48727-9267,,,,66-4064746,0.9,0.95,0.0,0.6166666666666667,NEEDS_REVIEW,Missing or incomplete customer field(s): employee_ssn
2026-05-26T14:02:36.709638,12.89,W2_XL_input_noisy_2945.pdf,noisy,,,241-53-8460,"White, Garner and Allen Ltd",,61-9610033,0.0,0.0,0.95,0.31666666666666665,NEEDS_REVIEW,"Missing or incomplete customer field(s): employee_name, employee_address"
2026-05-26T14:02:47.209224,10.49,W2_XL_input_noisy_2946.pdf,noisy,,,567-28-3673,,,39-4977349,0.0,0.0,0.9,0.3,NEEDS_REVIEW,"Missing or incomplete customer field(s): employee_name, employee_address"
2026-05-26T14:03:27.677993,28.98,W2_XL_input_noisy_2948.pdf,noisy,Lee Rivera,386 Zoe Extension Suite 409 Tron CA,449-96-4965,,,66-9738687,0.9,0.0,0.9,0.6,NEEDS_REVIEW,Missing or incomplete customer field(s): employee_address
2026-05-26T14:03:48.592397,20.9,W2_XL_input_noisy_2949.pdf,noisy,,,577-04-5408,,,26-4501092,0.0,0.0,0.95,0.31666666666666665,NEEDS_REVIEW,"Missing or incomplete customer field(s): employee_name, employee_address"
2026-05-26T14:04:20.925546,11.11,W2_XL_input_noisy_2952.pdf,noisy,,,120-32-2167,,,87-9538854,0.0,0.0,0.95,0.31666666666666665,NEEDS_REVIEW,"Missing or incomplete customer field(s): employee_name, employee_address"
2026-05-26T14:04:35.922760,14.98,W2_XL_input_noisy_2953.pdf,noisy,Enga Lowwance,061 Davia Springs Suite 771 64163,547-04-7675,,,,0.9,0.0,0.9,0.6,NEEDS_REVIEW,Missing or incomplete customer field(s): employee_address
2026-05-26T14:04:52.567441,8.51,W2_XL_input_noisy_2955.pdf,noisy,Inc Smith-Silva,9343 Brandon Summit Suite 850 Lake Heather ND 56464-6480,836-72-3966,Smith-Silva Inc,9343 Brandon Summit Suite 850 Lake Heather ND 56464-6480,71-3921553,0.0,0.95,0.95,0.6333333333333333,NEEDS_REVIEW,Missing or incomplete customer field(s): employee_name
2026-05-26T14:05:01.283290,8.7,W2_XL_input_noisy_2956.pdf,noisy,,,619-93-9350,,,02-8845091,0.0,0.0,0.9,0.3,NEEDS_REVIEW,"Missing or incomplete customer field(s): employee_name, employee_address"
2026-05-26T14:05:10.776406,9.48,W2_XL_input_noisy_2957.pdf,noisy,,,492-49-0280,,,88-4008034,0.0,0.0,0.9,0.3,NEEDS_REVIEW,"Missing or incomplete customer field(s): employee_name, employee_address"
2026-05-26T14:06:14.542938,10.7,W2_XL_input_noisy_2962.pdf,noisy,Bayes Sharon,000 Dale Camp Suite 550 14940,003-01-4555,,,,0.9,0.0,0.9,0.6,NEEDS_REVIEW,Missing or incomplete customer field(s): employee_address
2026-05-26T14:10:23.602424,249.05,W2_XL_input_noisy_2963.pdf,noisy,,,,,,73-9504966,0.0,0.0,0.0,0.0,NEEDS_REVIEW,"Missing or incomplete customer field(s): employee_name, employee_address, employee_ssn"
2026-05-26T14:10:33.110444,9.49,W2_XL_input_noisy_2964.pdf,noisy,,,718-54-2653,Wheeler-Matthews PLC,88391 Sarah Landing Suite 006 Andrewbury TN 09526-1280,02-5112662,0.0,0.0,0.95,0.31666666666666665,NEEDS_REVIEW,"Missing or incomplete customer field(s): employee_name, employee_address"
2026-05-26T14:10:58.941837,25.82,W2_XL_input_noisy_2965.pdf,noisy,Ho Bethany,7425 Thompson Coves Apt. 460 Tinaburgh VT,539-77-6027,"Miller, Becker and Miller and Sons",1322 Cynthia Isle Apt. 701 Port Christian MD 01618-5114,73-7908879,0.95,0.0,0.95,0.6333333333333333,NEEDS_REVIEW,Missing or incomplete customer field(s): employee_address
2026-05-26T14:11:08.229098,9.27,W2_XL_input_noisy_2966.pdf,noisy,Jodi Reid,3353 Harrington Plain Apt. 138 East Kaylaville MT,351-91-6332,"Horn, Freeman and Fuentes Inc",39177 Nixon Mountains Suite 684 Mathisland RI 11176-7653,94-2653045,0.95,0.0,0.95,0.6333333333333333,NEEDS_REVIEW,Missing or incomplete customer field(s): employee_address
2026-05-26T14:11:16.355563,8.11,W2_XL_input_noisy_2967.pdf,noisy,,,172-46-7966,,,52-1506451,0.0,0.0,0.9,0.3,NEEDS_REVIEW,"Missing or incomplete customer field(s): employee_name, employee_address"
2026-05-26T14:16:03.343351,32.2,W2_XL_input_noisy_2968.pdf,noisy,Turner-Michael Inc,3541 Jennifer Shores Suite 202,150-46-5585,Turner-Michael Inc,3541 Jennifer Shores Suite 202,62-6739527,0.0,0.0,0.95,0.31666666666666665,NEEDS_REVIEW,"Missing or incomplete customer field(s): employee_name, employee_address"
2026-05-26T14:16:16.988138,13.63,W2_XL_input_noisy_2969.pdf,noisy,Cortez Leslie,66032 Deborah Union coine tax UT,688-56-6974,Harrison LLC Group,3530 Katherine Trail East Edward MT,67-1835730,0.9,0.0,0.95,0.6166666666666667,NEEDS_REVIEW,Missing or incomplete customer field(s): employee_address
2026-05-26T14:16:37.872209,20.87,W2_XL_input_noisy_2970.pdf,noisy,Bong Sumshed,036 Thomas Curve Apt. 775 59056,813-09-2695,,,75-3596634,0.9,0.0,0.9,0.6,NEEDS_REVIEW,Missing or incomplete customer field(s): employee_address
2026-05-26T14:17:02.388719,24.5,W2_XL_input_noisy_2971.pdf,noisy,,,553-79-2377,,,50-1434627,0.0,0.0,0.9,0.3,NEEDS_REVIEW,"Missing or incomplete customer field(s): employee_name, employee_address"
2026-05-26T14:23:18.323978,13.54,W2_XL_input_noisy_2976.pdf,noisy,,,669-68-1296,"Clark, Williams and",69218 Clark Mews Apt. Port Diane KY 30846-2535,38-7120905,0.0,0.0,0.9,0.3,NEEDS_REVIEW,"Missing or incomplete customer field(s): employee_name, employee_address"
2026-05-26T14:23:50.003246,31.67,W2_XL_input_noisy_2977.pdf,noisy,,,535-28-6375,,,43-3955536,0.0,0.0,0.95,0.31666666666666665,NEEDS_REVIEW,"Missing or incomplete customer field(s): employee_name, employee_address"
2026-05-26T14:25:16.937263,29.23,W2_XL_input_noisy_2981.pdf,noisy,,,389-94-6801,"Mata, Rios and Miller Group",9686 Morgan Wells Apt. 016 Leonardchester WV 77205-4004,80-4711147,0.0,0.0,0.95,0.31666666666666665,NEEDS_REVIEW,"Missing or incomplete customer field(s): employee_name, employee_address"
2026-05-26T14:25:50.055410,21.11,W2_XL_input_noisy_2983.pdf,noisy,Ltd Mosley-Vasquez,10242 Keith Trail Apt. 830 Markhaven WY 09181-6911,098-25-3780,Mosley-Vasquez Ltd,10242 Keith Trail Apt. 830 Markhaven WY 09181-6911,61-3465920,0.0,0.95,0.95,0.6333333333333333,NEEDS_REVIEW,Missing or incomplete customer field(s): employee_name
2026-05-26T14:26:01.414902,11.35,W2_XL_input_noisy_2984.pdf,noisy,,,302-26-3795,,,26-7493891,0.0,0.0,0.95,0.31666666666666665,NEEDS_REVIEW,"Missing or incomplete customer field(s): employee_name, employee_address"
2026-05-26T14:26:12.211826,10.78,W2_XL_input_noisy_2985.pdf,noisy,Kathryn Miller,51918 Annette Alley Suite 148 South Erikfurt MT,550-27-1838,"Stone, Weaver and Mason Group",,01-8621868,0.95,0.0,0.95,0.6333333333333333,NEEDS_REVIEW,Missing or incomplete customer field(s): employee_address
2026-05-26T14:26:35.208638,13.52,W2_XL_input_noisy_2987.pdf,noisy,Chelsey Hopkins,12316 Nancy Crest 68580-7363,,,,,0.9,0.0,0.0,0.3,NEEDS_REVIEW,"Missing or incomplete customer field(s): employee_address, employee_ssn"
2026-05-26T14:26:56.263994,10.28,W2_XL_input_noisy_2989.pdf,noisy,,,781-10-2214,"Burgess, Wilson and Davis and Sons",,24-7249656,0.0,0.0,0.95,0.31666666666666665,NEEDS_REVIEW,"Missing or incomplete customer field(s): employee_name, employee_address"
2026-05-26T14:27:05.072355,8.8,W2_XL_input_noisy_2990.pdf,noisy,Nicole Moyer,85561 Rivers Throughway West Jessicaview OR,165-09-4108,Clark-White LLC,,13-4522987,0.95,0.0,0.95,0.6333333333333333,NEEDS_REVIEW,Missing or incomplete customer field(s): employee_address
2026-05-26T14:27:24.601802,19.52,W2_XL_input_noisy_2991.pdf,noisy,,,559-53-2943,,,03-5015050,0.0,0.0,0.9,0.3,NEEDS_REVIEW,"Missing or incomplete customer field(s): employee_name, employee_address"
2026-05-26T14:27:51.926520,13.77,W2_XL_input_noisy_2993.pdf,noisy,,,237-39-6130,,,81-7514337,0.0,0.0,0.95,0.31666666666666665,NEEDS_REVIEW,"Missing or incomplete customer field(s): employee_name, employee_address"
2026-05-26T14:28:03.820324,11.88,W2_XL_input_noisy_2994.pdf,noisy,Danielle Wright,5696 Karen Square Suite 195 Mitchellville MO 17044-2977,,,,04-9439608,0.95,0.95,0.0,0.6333333333333333,NEEDS_REVIEW,Missing or incomplete customer field(s): employee_ssn
2026-05-26T14:28:16.069989,12.24,W2_XL_input_noisy_2996.pdf,noisy,Dana Miller,1632 Rodgers Brooks Apt. 856,646-10-3749,,,11-2716768,0.95,0.0,0.95,0.6333333333333333,NEEDS_REVIEW,Missing or incomplete customer field(s): employee_address
2026-05-26T14:28:23.648193,7.56,W2_XL_input_noisy_2997.pdf,noisy,,,210-11-2692,,,93-1536717,0.0,0.0,0.95,0.31666666666666665,NEEDS_REVIEW,"Missing or incomplete customer field(s): employee_name, employee_address"
2026-05-26T14:28:50.802254,15.05,W2_XL_input_noisy_2999.pdf,noisy,,,522-86-4190,Hall Ltd Group,,27-0313363,0.0,0.0,0.95,0.31666666666666665,NEEDS_REVIEW,"Missing or incomplete customer field(s): employee_name, employee_address"
